fich.ID;fich.prenom;fich.Genre;fich.SEG.VALEUR;fich.AGE;fich.CODE_DPT;fich.Dat.ARRIVEE;fich.PRIMe
1001;PRENOM_Alice;G;B;35;23;14/03/2016;2868
1002;PRENOM_Eva;F;B;33;20;31/01/2016;NA
1003;PRENOM_Zoé ;G;A;24.4;37;24/03/2016;1936
1004;PRENOM_Enzo;G;B;25;73;11/07/2015;NA
1005;PRENOM_Timéo;F;B;43;52;05/02/2015;NA
1006;PRENOM_Louis;F;A;30.8;72;15/03/2015;NA
1007;PRENOM_Timéo;F;A;35.6;12;06/08/2015;NA
1008;PRENOM_Maëlys;F;B;57;7;20/11/2014;NA
1009;PRENOM_Raphaël;F;B;42;88;03/11/2014;2763
1010;PRENOM_Lilou;F;C;40.4;43;27/05/2014;1820
1011;PRENOM_Timéo;F;B;56;39;24/12/2014;2911
1012;PRENOM_Léa;G;B;45;44;15/08/2015;NA
1013;PRENOM_Timéo;F;A;38;8;08/02/2016;NA
1014;PRENOM_Mathis;F;B;43;7;08/12/2014;2434
1015;PRENOM_Léa;F;A;28.4;15;14/11/2015;2255
1016;PRENOM_Maël;G;B;42;86;26/10/2014;NA
1017;PRENOM_Jules;G;B;51;70;13/07/2014;769
1018;PRENOM_Maël;F;B;43;58;04/06/2015;2154
1019;PRENOM_Raphaël;F;B;35;77;18/01/2015;1200
1020;PRENOM_Raphaël;G;A;26.8;30;12/09/2015;NA
1021;PRENOM_Clément;G;A;41.2;38;18/04/2016;2015
1022;PRENOM_Maëlys;G;B;24;74;20/06/2014;1195
1023;PRENOM_Maël;F;A;20.4;84;02/07/2015;NA
1024;PRENOM_Clara;F;A;38.8;55;26/08/2015;NA
1025;PRENOM_Sarah;G;B;35;63;03/09/2015;NA
1026;PRENOM_Enzo;F;A;27.6;78;22/12/2015;NA
1027;PRENOM_Louna;F;C;41.6;22;19/03/2016;NA
1028;PRENOM_Clara;F;A;23.6;34;17/02/2016;962
1029;PRENOM_Raphaël;G;B;42;82;01/11/2015;965
1030;PRENOM_Hugo;F;B;38;6;10/10/2015;NA
1031;PRENOM_Léa;F;B;51;13;24/03/2015;NA
1032;PRENOM_Lilou;F;B;29;43;11/03/2016;NA
1033;PRENOM_Arthur;F;B;26;7;11/07/2015;1375
1034;PRENOM_Adam;G;B;36;23;12/11/2014;NA
1035;PRENOM_Sarah;G;B;50;16;14/06/2015;1957
1036;PRENOM_Théo;F;C;26;95;16/07/2014;NA
1037;PRENOM_Enzo;F;B;26;6;15/09/2014;1898
1038;PRENOM_Zoé ;F;B;52;63;06/10/2015;NA
1039;PRENOM_Manon;F;B;33;14;21/03/2015;NA
1040;PRENOM_Hugo;F;B;32;9;25/09/2015;NA
1041;PRENOM_Lina;F;A;42.8;3;18/05/2015;NA
1042;PRENOM_Léna;G;B;35;81;09/01/2016;2902
1043;PRENOM_Zoé ;F;B;29;79;07/07/2014;587
1044;PRENOM_Zoé ;F;B;31;84;27/02/2015;975
1045;PRENOM_Manon;F;A;42.8;71;24/07/2015;971
1046;PRENOM_Jade;F;B;43;86;10/01/2015;NA
1047;PRENOM_Théo;F;B;49;65;21/07/2014;1778
1048;PRENOM_Camille;F;B;32;90;22/06/2015;NA
1049;PRENOM_Manon;F;C;46.4;85;12/08/2015;NA
1050;PRENOM_Enzo;F;B;22;79;10/09/2015;NA
1051;PRENOM_Jade;F;B;53;16;29/10/2015;NA
1052;PRENOM_Tom;F;B;27;56;26/08/2014;2290
1053;PRENOM_Manon;G;A;30.8;76;20/02/2015;2289
1054;PRENOM_Maëlys;F;B;33;38;10/09/2014;1302
1055;PRENOM_Clément;F;B;26;9;28/12/2015;NA
1056;PRENOM_Jade;F;B;29;70;21/05/2014;1867
1057;PRENOM_Enzo;F;A;29.2;37;15/11/2015;927
1058;PRENOM_Noah;F;C;66.8;7;26/10/2015;1744
1059;PRENOM_Jules;F;B;44;7;17/08/2014;1214
1060;PRENOM_Jules;F;C;63.2;30;01/05/2015;1995
1061;PRENOM_Sarah;F;A;26;79;08/07/2015;2540
1062;PRENOM_Camille;F;B;57;42;19/04/2015;805
1063;PRENOM_Adam;F;A;37.2;69;08/06/2015;NA
1064;PRENOM_Maëlys;F;B;27;71;03/08/2014;NA
1065;PRENOM_Raphaël;F;B;38;35;09/07/2014;2517
1066;PRENOM_Louise;F;A;46;9;06/01/2016;1372
1067;PRENOM_Louna;F;A;30;9;01/07/2015;1867
1068;PRENOM_Enzo;G;A;37.2;21;02/03/2015;2731
1069;PRENOM_Hugo;F;B;28;40;15/10/2015;NA
1070;PRENOM_Noah;F;B;41;58;19/09/2015;NA
1071;PRENOM_Théo;F;A;26.8;41;22/06/2015;2440
1072;PRENOM_Enzo;G;B;33;65;13/07/2014;776
1073;PRENOM_Raphaël;F;C;72.8;15;10/03/2016;1547
1074;PRENOM_Alice;G;A;22.8;17;27/04/2016;NA
1075;PRENOM_Zoé ;F;B;22;73;27/11/2014;1548
1076;PRENOM_Léa;F;C;40.4;48;22/10/2014;NA
1077;PRENOM_Timéo;G;B;45;9;23/10/2015;622
1078;PRENOM_Jules;G;B;49;35;02/01/2016;NA
1079;PRENOM_Léna;F;B;42;49;06/05/2014;NA
1080;PRENOM_Noah;G;B;25;71;27/10/2015;NA
1081;PRENOM_Théo;F;A;36.4;95;24/05/2015;1783
1082;PRENOM_Manon;F;B;60;20;14/07/2015;NA
1083;PRENOM_Raphaël;G;B;39;63;01/03/2015;NA
1084;PRENOM_Noah;F;B;30;8;25/01/2016;NA
1085;PRENOM_Gabriel;F;B;43;26;13/12/2014;NA
1086;PRENOM_Raphaël;F;A;23.6;4;26/11/2015;549
1087;PRENOM_Clément;F;A;45.2;64;17/06/2015;NA
1088;PRENOM_Jules;F;B;42;23;10/06/2014;2711
1089;PRENOM_Raphaël;F;B;30;6;01/08/2015;2133
1090;PRENOM_Manon;F;B;49;91;27/12/2014;1632
1091;PRENOM_Maël;G;A;46.8;65;27/09/2015;1618
1092;PRENOM_Manon;F;A;26;4;31/01/2016;1259
1093;PRENOM_Zoé ;F;B;46;92;04/02/2015;2755
1094;PRENOM_Louna;F;A;43.6;72;07/04/2015;1959
1095;PRENOM_Manon;F;C;32;70;07/01/2015;NA
1096;PRENOM_Mathis;F;A;26.8;86;24/08/2015;1616
1097;PRENOM_Hugo;G;A;28.4;14;29/03/2015;1729
1098;PRENOM_Léna;F;C;56;90;26/08/2014;2325
1099;PRENOM_Clément;F;B;31;46;29/05/2015;2272
1100;PRENOM_Zoé ;G;A;NA;29;03/12/2015;NA
1101;PRENOM_Adam;F;A;33.2;1;06/04/2015;NA
1102;PRENOM_Camille;F;B;50;19;24/01/2015;1853
1103;PRENOM_Maël;F;B;50;53;28/11/2014;2651
1104;PRENOM_Louise;G;A;38;32;25/04/2015;2398
1105;PRENOM_Léna;G;A;18.8;92;21/02/2016;NA
1106;PRENOM_Lilou;F;A;38;58;28/06/2015;1906
1107;PRENOM_Louise;F;B;42;1;30/06/2015;NA
1108;PRENOM_Jade;G;A;24.4;53;09/07/2015;NA
1109;PRENOM_Zoé ;F;B;49;76;08/01/2015;520
1110;PRENOM_Mathis;G;A;44.4;37;18/12/2015;2553
1111;PRENOM_Lilou;F;B;61;10;22/04/2014;1847
1112;PRENOM_Jules;F;A;39.6;36;09/06/2015;1266
1113;PRENOM_Alice;G;B;52;58;06/12/2014;NA
1114;PRENOM_Ethan;F;B;57;89;17/12/2015;932
1115;PRENOM_Timéo;F;B;48;83;04/05/2015;NA
1116;PRENOM_Théo;F;B;46;52;31/01/2016;NA
1117;PRENOM_Zoé ;F;C;52.4;25;10/07/2015;2701
1118;PRENOM_Inès;F;B;35;83;10/09/2014;NA
1119;PRENOM_Ethan;G;A;39.6;52;04/07/2015;2895
1120;PRENOM_Louna;F;B;61;74;25/11/2014;783
1121;PRENOM_Camille;G;A;34.8;2;22/12/2015;NA
1122;PRENOM_Louis;F;A;37.2;73;01/04/2016;971
1123;PRENOM_Lilou;F;A;20.4;71;19/12/2015;NA
1124;PRENOM_Camille;F;B;45;6;12/03/2015;NA
1125;PRENOM_Alice;G;B;30;89;29/09/2015;NA
1126;PRENOM_Lilou;G;B;44;90;10/12/2015;1447
1127;PRENOM_Zoé ;F;C;59.6;4;10/11/2015;NA
1128;PRENOM_Jules;F;A;47.6;49;08/05/2015;749
1129;PRENOM_Léa;F;A;34.8;68;01/04/2016;NA
1130;PRENOM_Maëlys;G;B;23;41;09/02/2015;NA
1131;PRENOM_Clément;F;B;25;46;04/11/2014;NA
1132;PRENOM_Timéo;F;B;45;95;11/05/2015;NA
1133;PRENOM_Enzo;G;B;48;28;03/12/2015;NA
1134;PRENOM_Gabriel;F;A;45.2;5;27/12/2015;NA
1135;PRENOM_Léa;F;B;62;25;06/02/2016;NA
1136;PRENOM_Léna;G;B;56;47;13/03/2016;1164
1137;PRENOM_Lina;G;B;60;41;19/04/2015;NA
1138;PRENOM_Léa;F;B;53;59;09/09/2015;NA
1139;PRENOM_Inès;F;B;26;82;02/10/2015;1797
1140;PRENOM_Inès;F;B;23;51;24/11/2015;NA
1141;PRENOM_Alice;G;C;28.4;77;30/06/2015;1556
1142;PRENOM_Léa;F;B;61;22;07/08/2015;2372
1143;PRENOM_Clara;F;C;46.4;66;25/11/2015;1806
1144;PRENOM_Gabriel;F;B;49;45;22/12/2014;NA
1145;PRENOM_Tom;F;B;45;50;12/11/2014;NA
1146;PRENOM_Tom;F;A;19.6;46;09/01/2016;NA
1147;PRENOM_Louis;F;B;55;57;11/01/2016;NA
1148;PRENOM_Léa;F;A;24.4;12;11/01/2016;2326
1149;PRENOM_Maëlys;G;B;49;60;17/08/2014;NA
1150;PRENOM_Léa;G;A;42.8;49;22/10/2015;1749
1151;PRENOM_Sarah;G;A;39.6;20;09/03/2015;NA
1152;PRENOM_Ethan;G;B;40;37;11/03/2016;NA
1153;PRENOM_Louna;G;B;41;25;06/03/2016;1097
1154;PRENOM_Louna;F;B;34;10;21/08/2015;NA
1155;PRENOM_Mathis;G;C;62;19;29/03/2015;NA
1156;PRENOM_Enzo;G;B;47;41;19/02/2015;NA
1157;PRENOM_Léna;F;B;23;2;01/02/2016;NA
1158;PRENOM_Louna;F;A;29.2;86;02/09/2015;NA
1159;PRENOM_Maël;F;B;40;3;27/10/2014;2983
1160;PRENOM_Hugo;F;A;18.8;46;19/04/2015;NA
1161;PRENOM_Timéo;F;B;30;77;05/02/2015;2478
1162;PRENOM_Clara;F;B;27;59;21/11/2015;NA
1163;PRENOM_Tom;F;B;52;62;05/02/2015;2295
1164;PRENOM_Jules;G;A;36.4;14;13/09/2015;NA
1165;PRENOM_Louise;G;B;23;36;16/06/2014;NA
1166;PRENOM_Louise;G;A;31.6;8;21/06/2015;NA
1167;PRENOM_Louis;F;A;38;48;01/07/2015;NA
1168;PRENOM_Hugo;F;B;41;25;25/09/2015;NA
1169;PRENOM_Timéo;G;B;42;77;16/02/2016;NA
1170;PRENOM_Clément;F;B;55;23;02/11/2015;NA
1171;PRENOM_Léa;F;A;20.4;23;16/10/2015;NA
1172;PRENOM_Ethan;F;A;48.4;89;09/08/2015;1634
1173;PRENOM_Jules;G;B;36;62;03/12/2014;796
1174;PRENOM_Jade;F;B;27;82;10/02/2016;NA
1175;PRENOM_Timéo;F;B;40;35;25/01/2016;1734
1176;PRENOM_Clara;F;B;40;96;28/05/2014;NA
1177;PRENOM_Enzo;F;B;52;6;16/08/2015;NA
1178;PRENOM_Maëlys;G;B;44;54;28/02/2015;2258
1179;PRENOM_Clara;G;A;38.8;36;15/11/2015;NA
1180;PRENOM_Gabriel;F;B;42;18;26/05/2015;2815
1181;PRENOM_Manon;F;A;39.6;20;09/05/2015;NA
1182;PRENOM_Enzo;G;B;48;78;15/02/2016;NA
1183;PRENOM_Gabriel;F;A;31.6;43;24/02/2015;1786
1184;PRENOM_Adam;G;A;44.4;51;23/03/2015;NA
1185;PRENOM_Louna;F;B;36;45;04/08/2014;2682
1186;PRENOM_Léna;F;B;36;84;18/02/2016;NA
1187;PRENOM_Zoé ;G;B;23;62;08/11/2014;NA
1188;PRENOM_Maël;G;A;20.4;69;21/01/2016;NA
1189;PRENOM_Inès;G;B;38;45;15/08/2014;2072
1190;PRENOM_Maël;G;B;47;3;05/03/2015;NA
1191;PRENOM_Clara;F;A;26.8;39;26/06/2015;NA
1192;PRENOM_Ethan;F;B;42;8;18/11/2015;NA
1193;PRENOM_Noah;F;B;51;37;20/09/2015;NA
1194;PRENOM_Eva;G;B;29;39;28/01/2016;2857
1195;PRENOM_Jade;F;B;26;66;14/06/2014;NA
1196;PRENOM_Clara;F;B;53;94;07/02/2015;NA
1197;PRENOM_Léa;F;B;37;58;16/02/2015;2124
1198;PRENOM_Enzo;F;B;39;57;11/12/2015;1294
1199;PRENOM_Hugo;G;A;26.8;81;04/04/2016;1811
1200;PRENOM_Jules;F;B;42;39;22/05/2015;NA
1201;PRENOM_Eva;G;A;19.6;33;09/08/2015;1389
1202;PRENOM_Théo;G;B;30;16;01/06/2015;2905
1203;PRENOM_Hugo;F;B;31;7;07/08/2015;NA
1204;PRENOM_Jules;F;A;40.4;89;28/12/2015;1687
1205;PRENOM_Ethan;F;A;33.2;51;21/07/2015;NA
1206;PRENOM_Léa;G;B;49;92;15/07/2014;2112
1207;PRENOM_Timéo;G;A;18.8;95;08/01/2016;1010
1208;PRENOM_Jules;F;B;42;3;02/03/2016;2379
1209;PRENOM_Hugo;F;B;28;90;30/12/2014;NA
1210;PRENOM_Hugo;F;A;46.8;23;15/10/2015;1394
1211;PRENOM_Enzo;G;B;40;6;11/04/2015;NA
1212;PRENOM_Léna;F;B;56;54;26/11/2015;648
1213;PRENOM_Hugo;F;B;33;85;14/01/2015;2660
1214;PRENOM_Léa;F;A;38.8;92;18/10/2015;2714
1215;PRENOM_Sarah;F;B;26;53;09/12/2015;1775
1216;PRENOM_Sarah;F;B;29;21;13/04/2015;NA
1217;PRENOM_Louis;F;B;27;47;20/10/2014;1334
1218;PRENOM_Enzo;G;B;52;68;10/12/2015;1602
1219;PRENOM_Ethan;G;C;32;12;19/05/2015;1054
1220;PRENOM_Enzo;F;B;47;28;26/11/2015;1318
1221;PRENOM_Inès;F;B;24;36;19/04/2015;1229
1222;PRENOM_Lilou;G;A;24.4;53;28/12/2015;NA
1223;PRENOM_Léa;G;B;36;75;26/11/2015;NA
1224;PRENOM_Noah;F;B;37;85;10/08/2015;NA
1225;PRENOM_Maëlys;G;B;55;9;23/05/2014;NA
1226;PRENOM_Zoé ;G;B;38;60;04/03/2016;NA
1227;PRENOM_Eva;G;A;49.2;70;20/07/2015;NA
1228;PRENOM_Ethan;F;B;41;36;13/03/2015;NA
1229;PRENOM_Louis;G;A;42;36;04/05/2016;NA
1230;PRENOM_Louise;G;B;46;36;30/11/2015;NA
1231;PRENOM_Alice;G;A;35.6;32;22/03/2015;NA
1232;PRENOM_Enzo;F;C;27.2;41;30/06/2015;875
1233;PRENOM_Clément;F;B;54;54;24/02/2016;NA
1234;PRENOM_Léna;F;B;55;72;06/06/2014;NA
1235;PRENOM_Inès;F;A;19.6;55;29/08/2015;2086
1236;PRENOM_Alice;F;A;29.2;14;21/01/2016;2008
1237;PRENOM_Zoé ;F;C;48.8;86;17/01/2016;614
1238;PRENOM_Inès;F;B;59;55;26/03/2015;NA
1239;PRENOM_Jules;F;B;46;30;19/03/2016;2755
1240;PRENOM_Jade;F;B;53;87;03/04/2015;663
1241;PRENOM_Tom;G;A;38.8;56;25/01/2016;NA
1242;PRENOM_Zoé ;F;A;30.8;63;24/01/2016;NA
1243;PRENOM_Louis;F;A;49.2;57;04/11/2015;NA
1244;PRENOM_Léna;G;C;40.4;50;22/12/2014;1800
1245;PRENOM_Louna;F;A;38;57;25/04/2015;NA
1246;PRENOM_Lilou;F;B;52;23;20/09/2014;2612
1247;PRENOM_Jules;F;B;34;26;11/07/2015;2395
1248;PRENOM_Adam;F;A;26.8;41;25/02/2016;NA
1249;PRENOM_Jade;F;A;30.8;7;06/06/2015;NA
1250;PRENOM_Camille;G;A;44.4;21;16/12/2015;2719
1251;PRENOM_Maël;F;A;38.8;12;09/09/2015;NA
1252;PRENOM_Enzo;G;A;42.8;90;02/03/2015;NA
1253;PRENOM_Adam;F;A;23.6;67;22/05/2015;NA
1254;PRENOM_Léna;F;A;20.4;60;30/10/2015;NA
1255;PRENOM_Tom;F;B;52;27;22/07/2015;2041
1256;PRENOM_Maël;F;C;66.8;56;21/10/2015;1186
1257;PRENOM_Clément;G;B;37;31;02/07/2015;2742
1258;PRENOM_Léna;G;A;45.2;6;27/10/2015;1247
1259;PRENOM_Théo;G;B;58;19;12/06/2015;NA
1260;PRENOM_Mathis;G;A;21.2;41;05/03/2016;2654
1261;PRENOM_Maëlys;F;B;58;80;13/03/2016;2451
1262;PRENOM_Zoé ;F;B;33;21;04/03/2016;1500
1263;PRENOM_Louis;G;B;45;3;13/02/2016;2549
1264;PRENOM_Léa;F;A;21.2;78;14/04/2015;1855
1265;PRENOM_Zoé ;F;B;30;30;15/12/2014;NA
1266;PRENOM_Tom;F;A;37.2;30;04/05/2016;670
1267;PRENOM_Raphaël;G;B;29;79;10/12/2015;NA
1268;PRENOM_Jade;F;B;35;67;27/06/2015;1584
1269;PRENOM_Clément;F;B;57;80;18/11/2015;1371
1270;PRENOM_Camille;F;B;34;42;30/05/2015;1198
1271;PRENOM_Mathis;F;B;25;25;21/06/2014;2442
1272;PRENOM_Louis;F;B;43;80;29/08/2014;NA
1273;PRENOM_Maëlys;F;A;42.8;87;21/04/2015;NA
1274;PRENOM_Lilou;F;B;31;60;26/08/2014;NA
1275;PRENOM_Léna;F;C;40.4;56;04/12/2013;2606
1276;PRENOM_Théo;F;B;59;11;01/05/2014;1280
1277;PRENOM_Enzo;G;B;46;69;16/04/2015;NA
1278;PRENOM_Eva;F;A;46.8;38;16/02/2015;NA
1279;PRENOM_Tom;F;B;30;80;18/07/2015;NA
1280;PRENOM_Timéo;G;B;38;95;21/11/2014;NA
1281;PRENOM_Louis;G;B;39;44;17/10/2014;NA
1282;PRENOM_Léna;G;B;49;5;31/01/2015;NA
1283;PRENOM_Maël;F;A;29.2;74;18/08/2015;1374
1284;PRENOM_Jade;G;A;37.2;83;18/07/2015;637
1285;PRENOM_Camille;G;C;29.6;94;05/03/2016;NA
1286;PRENOM_Camille;F;B;55;76;11/11/2014;1144
1287;PRENOM_Léa;F;A;46.8;23;04/03/2015;819
1288;PRENOM_Lilou;G;B;26;43;19/07/2015;NA
1289;PRENOM_Timéo;F;B;41;73;11/10/2014;1042
1290;PRENOM_Jade;F;B;28;29;14/08/2015;NA
1291;PRENOM_Léa;F;B;41;9;02/05/2015;848
1292;PRENOM_Eva;G;B;25;29;16/06/2014;1500
1293;PRENOM_Tom;G;C;72.8;11;03/11/2014;2770
1294;PRENOM_Tom;F;B;29;52;09/12/2015;NA
1295;PRENOM_Manon;F;A;44.4;56;27/02/2015;NA
1296;PRENOM_Clara;G;A;42;24;04/04/2015;2159
1297;PRENOM_Manon;F;C;27.2;42;01/05/2014;NA
1298;PRENOM_Noah;G;B;45;37;28/02/2015;2165
1299;PRENOM_Clément;F;A;18.8;44;11/05/2015;2452
1300;PRENOM_Manon;G;A;21.2;36;03/10/2015;2684
1301;PRENOM_Louna;F;B;59;50;02/10/2014;1329
1302;PRENOM_Maëlys;F;A;31.6;75;05/12/2015;NA
1303;PRENOM_Enzo;F;A;26;11;29/12/2015;NA
1304;PRENOM_Zoé ;F;B;23;56;02/05/2014;2072
1305;PRENOM_Théo;G;B;43;94;02/05/2015;NA
1306;PRENOM_Mathis;F;B;57;37;24/11/2015;1503
1307;PRENOM_Sarah;F;A;25.2;10;01/11/2015;2276
1308;PRENOM_Hugo;G;B;36;90;26/02/2015;2665
1309;PRENOM_Eva;G;B;58;80;23/11/2014;685
1310;PRENOM_Alice;G;B;44;11;19/12/2014;1485
1311;PRENOM_Lina;F;A;28.4;34;09/03/2016;923
1312;PRENOM_Arthur;F;A;21.2;23;26/08/2015;NA
1313;PRENOM_Louna;F;A;42.8;14;13/04/2015;1984
1314;PRENOM_Lilou;F;A;36.4;41;16/02/2015;2171
1315;PRENOM_Clément;F;A;42.8;5;30/03/2015;NA
1316;PRENOM_Lilou;F;A;48.4;45;17/11/2015;NA
1317;PRENOM_Jade;G;A;46;22;30/03/2016;NA
1318;PRENOM_Clément;F;B;52;22;12/01/2016;NA
1319;PRENOM_Louis;F;A;34.8;40;06/03/2015;NA
1320;PRENOM_Lina;F;A;18.8;40;06/11/2015;NA
1321;PRENOM_Maëlys;F;A;22.8;57;22/03/2015;NA
1322;PRENOM_Enzo;F;A;47.6;93;04/09/2015;NA
1323;PRENOM_Maël;F;B;56;65;02/05/2015;1365
1324;PRENOM_Jade;F;B;42;52;01/08/2015;NA
1325;PRENOM_Lina;G;B;35;74;06/05/2015;NA
1326;PRENOM_Léa;F;A;19.6;9;16/03/2016;NA
1327;PRENOM_Zoé ;G;A;33.2;46;16/02/2016;NA
1328;PRENOM_Mathis;F;B;23;53;20/04/2015;NA
1329;PRENOM_Adam;F;A;40.4;56;27/03/2015;NA
1330;PRENOM_Léa;F;A;30.8;45;24/03/2016;1461
1331;PRENOM_Louis;F;A;46;70;17/04/2016;2279
1332;PRENOM_Noah;F;A;38;32;08/03/2016;1539
1333;PRENOM_Léa;G;B;34;51;08/08/2015;2867
1334;PRENOM_Clément;G;B;30;84;29/02/2016;NA
1335;PRENOM_Arthur;F;A;46;79;06/06/2015;NA
1336;PRENOM_Lina;F;B;31;82;04/04/2015;NA
1337;PRENOM_Manon;F;B;60;69;04/11/2014;1599
1338;PRENOM_Gabriel;G;B;44;86;15/11/2015;NA
1339;PRENOM_Léna;F;B;46;63;08/01/2016;2837
1340;PRENOM_Timéo;F;B;47;47;11/10/2015;NA
1341;PRENOM_Noah;F;B;44;37;27/06/2014;2711
1342;PRENOM_Louise;G;A;37.2;9;02/11/2015;NA
1343;PRENOM_Lilou;F;B;33;37;12/02/2016;1670
1344;PRENOM_Enzo;F;B;45;81;26/06/2014;NA
1345;PRENOM_Raphaël;F;A;42.8;70;18/08/2015;2966
1346;PRENOM_Léa;F;B;44;72;23/10/2015;2832
1347;PRENOM_Jules;F;B;29;52;28/08/2015;1017
1348;PRENOM_Noah;F;A;38.8;41;30/04/2015;2452
1349;PRENOM_Mathis;G;A;42;37;26/01/2016;1202
1350;PRENOM_Tom;F;A;35.6;84;24/12/2015;1103
1351;PRENOM_Enzo;F;C;58.4;20;11/11/2013;1565
1352;PRENOM_Clara;G;A;27.6;58;20/01/2016;NA
1353;PRENOM_Louise;G;B;40;2;18/03/2015;NA
1354;PRENOM_Inès;G;B;37;85;14/03/2016;2045
1355;PRENOM_Jade;F;C;45.2;95;14/05/2015;706
1356;PRENOM_Léa;F;B;27;91;30/07/2014;NA
1357;PRENOM_Hugo;G;A;49.2;64;29/11/2015;NA
1358;PRENOM_Théo;F;A;26;71;29/03/2015;NA
1359;PRENOM_Théo;G;B;45;52;09/12/2014;NA
1360;PRENOM_Jules;F;B;32;46;29/06/2015;NA
1361;PRENOM_Louise;F;B;26;61;22/06/2014;1765
1362;PRENOM_Enzo;F;B;51;54;28/01/2016;NA
1363;PRENOM_Maël;F;A;23.6;15;29/08/2015;2234
1364;PRENOM_Clara;F;A;41.2;33;16/05/2015;NA
1365;PRENOM_Hugo;F;A;26.8;86;24/09/2015;NA
1366;PRENOM_Maëlys;G;A;22.8;62;14/04/2015;NA
1367;PRENOM_Maël;G;B;28;29;16/09/2015;1004
1368;PRENOM_Sarah;F;A;40.4;7;28/03/2016;1295
1369;PRENOM_Lilou;F;B;28;53;23/06/2014;NA
1370;PRENOM_Mathis;G;B;29;7;15/10/2014;2858
1371;PRENOM_Noah;F;B;50;80;28/04/2014;2968
1372;PRENOM_Lilou;F;A;46.8;23;20/03/2015;2528
1373;PRENOM_Arthur;F;B;53;75;12/09/2014;1527
1374;PRENOM_Enzo;G;B;59;22;30/05/2014;NA
1375;PRENOM_Ethan;F;B;44;24;18/07/2015;2544
1376;PRENOM_Adam;F;A;36.4;49;12/12/2015;609
1377;PRENOM_Gabriel;G;B;22;15;08/02/2016;1003
1378;PRENOM_Raphaël;F;B;53;74;07/08/2015;2980
1379;PRENOM_Maëlys;G;B;27;68;16/06/2014;NA
1380;PRENOM_Tom;F;A;29.2;10;05/04/2015;1478
1381;PRENOM_Timéo;F;A;27.6;58;18/03/2016;NA
1382;PRENOM_Timéo;F;B;36;36;02/03/2015;920
1383;PRENOM_Raphaël;G;B;59;24;20/11/2014;NA
1384;PRENOM_Léa;F;A;30;42;12/09/2015;2729
1385;PRENOM_Clara;F;C;53.6;10;03/08/2014;NA
1386;PRENOM_Manon;F;A;27.6;4;26/11/2015;1259
1387;PRENOM_Louna;G;B;27;30;19/02/2016;2123
1388;PRENOM_Tom;F;B;31;16;31/12/2014;NA
1389;PRENOM_Noah;F;B;58;39;20/10/2014;NA
1390;PRENOM_Raphaël;G;B;26;87;20/04/2015;NA
1391;PRENOM_Louis;G;A;38;95;02/04/2016;NA
1392;PRENOM_Louna;F;A;21.2;16;18/04/2016;2463
1393;PRENOM_Léa;G;A;40.4;85;04/05/2016;1202
1394;PRENOM_Louna;G;C;65.6;37;19/03/2015;NA
1395;PRENOM_Hugo;F;B;40;50;10/09/2014;1910
1396;PRENOM_Timéo;F;B;47;42;24/02/2015;2419
1397;PRENOM_Clément;F;A;18.8;55;03/12/2015;NA
1398;PRENOM_Enzo;F;B;31;52;25/10/2014;NA
1399;PRENOM_Léna;F;B;45;82;23/03/2015;2092
1400;PRENOM_Louis;F;A;47.6;94;27/03/2015;NA
1401;PRENOM_Clément;F;B;53;58;06/02/2016;2465
1402;PRENOM_Maëlys;G;A;32.4;6;23/02/2016;2069
1403;PRENOM_Mathis;F;B;34;32;20/01/2015;NA
1404;PRENOM_Adam;F;B;54;43;19/06/2014;1914
1405;PRENOM_Hugo;F;B;45;35;05/10/2014;NA
1406;PRENOM_Tom;F;A;47.6;94;27/08/2015;NA
1407;PRENOM_Arthur;F;B;40;38;06/01/2016;NA
1408;PRENOM_Jade;F;A;30;96;03/01/2016;2341
1409;PRENOM_Hugo;F;B;24;3;22/04/2015;619
1410;PRENOM_Jade;F;B;51;5;05/01/2015;NA
1411;PRENOM_Zoé ;G;B;51;22;17/03/2015;525
1412;PRENOM_Louise;G;B;26;81;18/08/2015;NA
1413;PRENOM_Clara;G;B;44;95;10/03/2016;1462
1414;PRENOM_Noah;F;B;23;38;27/02/2015;2048
1415;PRENOM_Mathis;F;B;37;71;03/07/2015;NA
1416;PRENOM_Léa;F;A;46;10;31/12/2015;NA
1417;PRENOM_Inès;G;B;42;38;13/02/2015;NA
1418;PRENOM_Lina;F;A;22;23;30/04/2016;735
1419;PRENOM_Mathis;F;A;20.4;49;20/04/2015;NA
1420;PRENOM_Adam;G;A;33.2;60;01/03/2015;1301
1421;PRENOM_Maëlys;F;A;50;28;14/01/2016;2231
1422;PRENOM_Clara;F;B;30;6;29/01/2015;NA
1423;PRENOM_Ethan;F;B;54;36;08/05/2015;NA
1424;PRENOM_Eva;F;B;33;72;17/07/2015;1735
1425;PRENOM_Louna;F;A;39.6;64;20/02/2015;NA
1426;PRENOM_Ethan;F;A;18.8;90;26/02/2016;2284
1427;PRENOM_Noah;F;B;48;14;17/02/2016;812
1428;PRENOM_Louise;G;C;47.6;9;29/10/2015;2774
1429;PRENOM_Jade;F;B;35;30;07/05/2015;NA
1430;PRENOM_Adam;G;A;26.8;1;09/01/2016;1605
1431;PRENOM_Léa;G;B;42;8;06/11/2015;1993
1432;PRENOM_Adam;F;A;34;66;16/07/2015;NA
1433;PRENOM_Louna;G;B;54;75;18/02/2015;762
1434;PRENOM_Mathis;G;B;46;57;18/05/2014;2717
1435;PRENOM_Mathis;F;A;22.8;42;23/07/2015;911
1436;PRENOM_Manon;F;B;42;63;19/11/2015;NA
1437;PRENOM_Manon;F;B;60;20;16/05/2015;2454
1438;PRENOM_Clara;F;B;60;25;09/01/2016;NA
1439;PRENOM_Maël;G;B;25;48;24/04/2015;NA
1440;PRENOM_Léa;F;B;59;74;19/07/2015;2688
1441;PRENOM_Théo;F;A;48.4;23;17/06/2015;NA
1442;PRENOM_Jade;F;B;50;70;24/09/2015;NA
1443;PRENOM_Arthur;F;B;42;91;05/07/2014;NA
1444;PRENOM_Gabriel;F;A;23.6;12;23/04/2016;1968
1445;PRENOM_Eva;F;B;44;93;07/03/2015;NA
1446;PRENOM_Lilou;F;B;34;3;29/04/2015;NA
1447;PRENOM_Arthur;F;B;42;36;29/09/2014;NA
1448;PRENOM_Tom;F;B;47;56;20/10/2015;2215
1449;PRENOM_Camille;F;A;18.8;65;04/05/2016;777
1450;PRENOM_Clément;F;A;23.6;39;25/03/2016;NA
1451;PRENOM_Lina;F;B;43;33;14/08/2014;NA
1452;PRENOM_Léna;G;A;29.2;72;12/04/2015;2185
1453;PRENOM_Maël;F;A;36.4;76;10/05/2015;2232
1454;PRENOM_Zoé ;F;B;27;86;16/03/2016;1520
1455;PRENOM_Louise;F;C;35.6;9;03/09/2014;2376
1456;PRENOM_Maël;F;B;61;69;21/11/2014;NA
1457;PRENOM_Louis;F;A;42.8;23;31/07/2015;1739
1458;PRENOM_Raphaël;F;C;53.6;42;17/07/2015;2601
1459;PRENOM_Manon;F;B;50;65;09/06/2014;NA
1460;PRENOM_Enzo;G;B;33;60;21/01/2015;2511
1461;PRENOM_Léna;G;B;41;19;20/03/2015;NA
1462;PRENOM_Eva;F;B;45;32;02/07/2014;2574
1463;PRENOM_Maël;F;A;19.6;17;17/11/2015;NA
1464;PRENOM_Adam;F;B;51;96;06/01/2015;1887
1465;PRENOM_Raphaël;G;A;18.8;13;05/08/2015;NA
1466;PRENOM_Camille;G;B;26;70;16/09/2014;2110
1467;PRENOM_Maël;G;A;27.6;90;16/10/2015;NA
1468;PRENOM_Louise;F;B;30;6;01/06/2015;2208
1469;PRENOM_Noah;F;A;22.8;18;11/03/2015;NA
1470;PRENOM_Léa;F;B;28;94;03/08/2015;1772
1471;PRENOM_Maël;F;B;26;51;27/10/2014;NA
1472;PRENOM_Jules;F;B;33;22;15/03/2015;2244
1473;PRENOM_Léa;F;A;28.4;59;21/04/2016;NA
1474;PRENOM_Léa;G;B;56;64;01/08/2015;624
1475;PRENOM_Jade;F;A;34;72;21/04/2016;NA
1476;PRENOM_Inès;F;B;51;21;11/12/2015;1540
1477;PRENOM_Ethan;F;B;50;8;24/11/2014;NA
1478;PRENOM_Clément;G;B;31;53;01/02/2016;NA
1479;PRENOM_Manon;F;B;47;30;04/03/2016;2320
1480;PRENOM_Léa;F;A;34.8;38;16/05/2015;1449
1481;PRENOM_Clément;F;B;48;37;12/01/2015;NA
1482;PRENOM_Léa;F;B;35;84;30/03/2015;788
1483;PRENOM_Timéo;G;B;48;7;26/08/2014;2245
1484;PRENOM_Léna;F;B;55;82;05/11/2014;NA
1485;PRENOM_Enzo;F;B;46;68;13/07/2014;NA
1486;PRENOM_Eva;F;A;26;87;03/06/2015;664
1487;PRENOM_Sarah;G;B;51;76;10/12/2015;2851
1488;PRENOM_Louise;F;B;26;15;02/02/2015;NA
1489;PRENOM_Sarah;G;B;55;88;16/07/2015;603
1490;PRENOM_Enzo;F;B;56;31;12/12/2014;1481
1491;PRENOM_Hugo;F;B;55;3;10/07/2014;796
1492;PRENOM_Jules;G;B;58;32;16/03/2016;NA
1493;PRENOM_Noah;F;B;48;11;11/12/2015;NA
1494;PRENOM_Maël;G;B;60;53;15/08/2015;1761
1495;PRENOM_Sarah;F;B;38;71;23/06/2014;2694
1496;PRENOM_Gabriel;F;A;48.4;78;09/04/2016;NA
1497;PRENOM_Ethan;F;B;32;21;24/11/2015;1629
1498;PRENOM_Manon;F;A;35.6;78;22/01/2016;2226
1499;PRENOM_Adam;G;C;71.6;11;06/03/2016;NA
1500;PRENOM_Eva;F;A;25.2;81;13/07/2015;NA
1501;PRENOM_Ethan;F;A;28.4;16;02/08/2015;627
1502;PRENOM_Mathis;F;A;34.8;40;12/12/2015;1030
1503;PRENOM_Inès;F;C;44;3;14/11/2013;NA
1504;PRENOM_Noah;F;B;53;53;27/09/2015;NA
1505;PRENOM_Léa;F;A;46;84;23/10/2015;NA
1506;PRENOM_Jules;G;B;38;14;19/02/2015;2032
1507;PRENOM_Alice;G;A;29.2;7;21/03/2016;NA
1508;PRENOM_Léa;F;A;40.4;95;04/04/2015;NA
1509;PRENOM_Inès;F;A;26.8;19;04/07/2015;2086
1510;PRENOM_Sarah;G;A;49.2;51;25/07/2015;NA
1511;PRENOM_Sarah;F;A;25.2;33;28/05/2015;NA
1512;PRENOM_Louna;F;B;28;71;31/12/2014;NA
1513;PRENOM_Clara;F;B;26;6;10/02/2015;1551
1514;PRENOM_Clara;F;B;44;68;24/11/2015;NA
1515;PRENOM_Jules;F;B;53;22;09/10/2015;1182
1516;PRENOM_Alice;F;B;44;23;19/12/2015;NA
1517;PRENOM_Raphaël;F;B;39;11;04/09/2014;NA
1518;PRENOM_Eva;G;A;29.2;29;17/04/2015;857
1519;PRENOM_Léa;F;A;31.6;31;26/04/2015;NA
1520;PRENOM_Enzo;F;B;26;81;28/11/2014;2372
1521;PRENOM_Lilou;G;B;58;52;25/09/2015;NA
1522;PRENOM_Louise;F;B;57;62;18/12/2014;NA
1523;PRENOM_Jules;G;B;59;83;10/11/2015;1479
1524;PRENOM_Sarah;F;A;34.8;74;05/03/2015;NA
1525;PRENOM_Jade;F;B;49;58;12/05/2015;1271
1526;PRENOM_Eva;F;B;38;25;28/05/2015;NA
1527;PRENOM_Enzo;F;A;42.8;31;09/06/2015;NA
1528;PRENOM_Timéo;G;B;38;49;28/09/2014;851
1529;PRENOM_Maël;F;A;31.6;20;12/03/2015;2115
1530;PRENOM_Eva;F;B;44;77;24/06/2014;852
1531;PRENOM_Alice;F;B;22;7;16/01/2016;2611
1532;PRENOM_Clément;F;C;29.6;7;23/10/2014;1217
1533;PRENOM_Jade;G;B;40;45;27/10/2015;1620
1534;PRENOM_Raphaël;G;B;22;26;04/11/2015;1499
1535;PRENOM_Louna;F;B;58;37;05/03/2015;NA
1536;PRENOM_Zoé ;G;B;40;61;28/08/2015;2411
1537;PRENOM_Louis;G;B;60;85;25/11/2015;NA
1538;PRENOM_Ethan;F;A;44.4;30;24/04/2016;NA
1539;PRENOM_Clara;F;A;27.6;73;27/02/2015;2831
1540;PRENOM_Clara;G;A;48.4;88;20/07/2015;2838
1541;PRENOM_Sarah;F;C;28.4;45;21/09/2015;NA
1542;PRENOM_Théo;G;B;31;39;27/11/2014;1626
1543;PRENOM_Léa;G;B;56;40;09/08/2015;1756
1544;PRENOM_Inès;F;B;53;9;08/08/2015;NA
1545;PRENOM_Léa;F;A;46;23;26/06/2015;2132
1546;PRENOM_Lilou;F;A;30;13;08/10/2015;2471
1547;PRENOM_Inès;G;A;21.2;27;26/06/2015;NA
1548;PRENOM_Inès;F;B;47;60;06/09/2015;1841
1549;PRENOM_Gabriel;F;C;53.6;28;08/12/2013;NA
1550;PRENOM_Ethan;F;B;35;53;21/09/2015;NA
1551;PRENOM_Lilou;F;A;47.6;80;05/07/2015;NA
1552;PRENOM_Arthur;F;B;39;77;29/11/2014;1584
1553;PRENOM_Tom;F;A;39.6;72;17/07/2015;1193
1554;PRENOM_Louna;F;C;47.6;65;01/02/2015;NA
1555;PRENOM_Louna;G;B;39;30;13/10/2015;NA
1556;PRENOM_Léna;F;A;30.8;92;25/05/2015;NA
1557;PRENOM_Jade;F;A;37.2;27;12/11/2015;NA
1558;PRENOM_Jade;G;A;29.2;16;23/03/2015;NA
1559;PRENOM_Inès;F;A;37.2;96;26/11/2015;NA
1560;PRENOM_Manon;F;B;58;96;28/10/2015;2625
1561;PRENOM_Noah;F;B;41;69;30/04/2014;824
1562;PRENOM_Enzo;F;A;38.8;53;15/05/2015;NA
1563;PRENOM_Inès;F;B;38;17;04/05/2014;NA
1564;PRENOM_Eva;F;A;40.4;89;05/05/2016;722
1565;PRENOM_Raphaël;G;B;32;58;24/09/2015;NA
1566;PRENOM_Adam;G;A;25.2;11;02/06/2015;506
1567;PRENOM_Sarah;F;A;37.2;1;03/04/2015;NA
1568;PRENOM_Tom;F;A;22.8;4;05/11/2015;NA
1569;PRENOM_Léa;G;C;56;59;04/06/2015;702
1570;PRENOM_Jules;F;B;42;61;27/12/2015;1147
1571;PRENOM_Maëlys;F;B;41;83;22/10/2015;NA
1572;PRENOM_Ethan;F;A;42.8;45;12/03/2015;2853
1573;PRENOM_Théo;F;A;26;40;22/04/2016;NA
1574;PRENOM_Léa;F;A;24.4;38;06/02/2016;684
1575;PRENOM_Lina;F;B;28;60;16/06/2015;2036
1576;PRENOM_Gabriel;F;B;51;16;13/06/2015;1828
1577;PRENOM_Ethan;G;B;37;85;08/12/2014;2269
1578;PRENOM_Manon;F;A;32.4;26;10/10/2015;1063
1579;PRENOM_Hugo;F;B;38;87;06/03/2015;847
1580;PRENOM_Jade;F;B;61;9;14/08/2014;NA
1581;PRENOM_Léa;F;A;30.8;18;26/07/2015;1544
1582;PRENOM_Tom;F;B;23;64;29/08/2015;1718
1583;PRENOM_Camille;F;B;54;85;07/08/2015;2699
1584;PRENOM_Clément;G;B;54;88;27/12/2015;NA
1585;PRENOM_Louise;F;B;48;17;20/07/2014;1672
1586;PRENOM_Louise;F;B;61;96;18/10/2014;NA
1587;PRENOM_Enzo;G;B;59;30;20/07/2015;2050
1588;PRENOM_Eva;F;B;25;9;03/06/2014;1402
1589;PRENOM_Léa;F;B;26;59;29/09/2014;2049
1590;PRENOM_Gabriel;F;C;27.2;27;18/11/2013;NA
1591;PRENOM_Alice;F;A;27.6;45;25/02/2016;1893
1592;PRENOM_Léa;F;B;40;7;31/05/2014;NA
1593;PRENOM_Gabriel;G;C;66.8;4;28/10/2014;614
1594;PRENOM_Clara;F;B;50;20;29/05/2014;NA
1595;PRENOM_Raphaël;F;B;29;66;24/06/2014;1472
1596;PRENOM_Manon;F;B;38;85;20/11/2015;NA
1597;PRENOM_Léa;F;B;36;81;21/08/2014;NA
1598;PRENOM_Clara;G;C;58.4;6;22/02/2014;2149
1599;PRENOM_Raphaël;F;A;45.2;49;01/11/2015;1242
1600;PRENOM_Manon;G;A;37.2;4;29/10/2015;NA
1601;PRENOM_Ethan;F;A;49.2;37;27/01/2016;1258
1602;PRENOM_Louise;F;B;38;74;17/05/2015;NA
1603;PRENOM_Camille;G;B;59;79;04/12/2014;NA
1604;PRENOM_Zoé ;F;B;52;49;05/05/2014;1588
1605;PRENOM_Noah;F;C;36.8;55;02/10/2015;NA
1606;PRENOM_Lilou;G;C;29.6;29;30/09/2014;NA
1607;PRENOM_Sarah;G;A;24.4;80;14/02/2016;NA
1608;PRENOM_Clément;F;B;29;56;13/09/2014;531
1609;PRENOM_Jade;F;B;53;69;02/03/2015;NA
1610;PRENOM_Théo;F;B;27;42;18/03/2015;NA
1611;PRENOM_Ethan;G;B;52;8;11/03/2015;1700
1612;PRENOM_Enzo;G;B;28;41;25/02/2016;NA
1613;PRENOM_Adam;G;B;61;64;12/12/2015;NA
1614;PRENOM_Jade;F;B;33;4;23/07/2014;NA
1615;PRENOM_Inès;F;B;53;12;26/01/2015;NA
1616;PRENOM_Jules;F;B;46;90;18/01/2016;NA
1617;PRENOM_Timéo;F;B;44;66;06/10/2014;2756
1618;PRENOM_Enzo;F;A;44.4;95;26/06/2015;NA
1619;PRENOM_Zoé ;F;A;38;55;25/03/2015;NA
1620;PRENOM_Ethan;F;B;57;45;15/01/2016;NA
1621;PRENOM_Tom;F;C;66.8;2;15/11/2015;2678
1622;PRENOM_Lina;F;B;58;34;07/05/2015;1764
1623;PRENOM_Gabriel;F;A;26.8;17;01/10/2015;990
1624;PRENOM_Timéo;F;A;22;24;06/05/2015;1433
1625;PRENOM_Ethan;F;B;43;6;15/01/2016;NA
1626;PRENOM_Jules;F;A;38.8;36;29/11/2015;NA
1627;PRENOM_Timéo;F;B;31;42;23/02/2016;2128
1628;PRENOM_Tom;G;B;49;48;09/12/2015;NA
1629;PRENOM_Camille;F;B;53;23;15/10/2014;NA
1630;PRENOM_Maëlys;G;A;43.6;11;08/11/2015;2238
1631;PRENOM_Léa;G;B;53;41;12/02/2015;NA
1632;PRENOM_Théo;F;B;23;87;29/11/2014;1654
1633;PRENOM_Manon;F;B;56;3;27/01/2016;2913
1634;PRENOM_Maël;G;A;36.4;56;18/09/2015;1730
1635;PRENOM_Manon;G;C;56;37;23/12/2013;2621
1636;PRENOM_Gabriel;F;A;26;15;12/03/2016;NA
1637;PRENOM_Ethan;F;B;33;53;30/08/2014;NA
1638;PRENOM_Louise;F;B;60;93;26/09/2014;NA
1639;PRENOM_Ethan;F;B;31;88;18/11/2015;NA
1640;PRENOM_Maëlys;G;B;40;57;25/04/2015;NA
1641;PRENOM_Zoé ;F;A;39.6;58;24/07/2015;2772
1642;PRENOM_Inès;G;B;33;70;06/04/2015;NA
1643;PRENOM_Ethan;F;B;25;65;21/02/2016;NA
1644;PRENOM_Camille;F;B;52;65;05/10/2015;NA
1645;PRENOM_Gabriel;F;C;64.4;70;28/09/2014;2304
1646;PRENOM_Tom;G;B;35;56;11/10/2014;NA
1647;PRENOM_Lina;F;B;58;39;04/05/2014;1140
1648;PRENOM_Jade;F;C;29.6;39;16/10/2015;963
1649;PRENOM_Clara;G;B;56;83;03/12/2015;NA
1650;PRENOM_Jules;F;B;50;4;05/06/2015;2329
1651;PRENOM_Zoé ;F;A;34;42;01/08/2015;1154
1652;PRENOM_Enzo;G;A;21.2;37;28/08/2015;NA
1653;PRENOM_Léa;G;A;19.6;43;04/11/2015;NA
1654;PRENOM_Lina;F;B;39;40;05/03/2016;NA
1655;PRENOM_Manon;G;B;32;95;23/01/2015;1855
1656;PRENOM_Ethan;F;B;46;31;09/01/2016;NA
1657;PRENOM_Lilou;F;A;30;22;08/06/2015;2549
1658;PRENOM_Léa;F;A;39.6;64;12/09/2015;2029
1659;PRENOM_Clément;F;A;28.4;79;25/03/2016;1472
1660;PRENOM_Camille;F;A;49.2;16;24/04/2015;751
1661;PRENOM_Louis;F;A;26.8;46;05/05/2015;1195
1662;PRENOM_Léna;G;B;46;8;20/10/2015;2581
1663;PRENOM_Alice;F;C;40.4;76;05/07/2015;NA
1664;PRENOM_Louis;F;A;45.2;53;19/09/2015;NA
1665;PRENOM_Louis;G;B;41;91;20/05/2014;NA
1666;PRENOM_Enzo;F;A;46.8;8;02/03/2016;1060
1667;PRENOM_Adam;F;A;40.4;72;19/02/2016;1709
1668;PRENOM_Tom;F;B;22;43;31/01/2015;NA
1669;PRENOM_Maëlys;F;B;45;84;19/08/2015;NA
1670;PRENOM_Lina;F;C;38;4;12/02/2014;2403
1671;PRENOM_Louise;F;A;34.8;72;14/08/2015;NA
1672;PRENOM_Jade;F;B;46;6;11/10/2015;1217
1673;PRENOM_Gabriel;F;B;59;82;14/02/2015;1919
1674;PRENOM_Maël;F;B;23;93;08/04/2015;2938
1675;PRENOM_Louna;G;A;22;47;28/09/2015;NA
1676;PRENOM_Maël;F;B;60;25;11/08/2015;1041
1677;PRENOM_Léa;F;A;41.2;87;07/03/2016;2667
1678;PRENOM_Adam;F;B;57;13;17/09/2014;NA
1679;PRENOM_Inès;G;A;34;21;16/12/2015;2841
1680;PRENOM_Enzo;F;B;59;57;27/04/2014;NA
1681;PRENOM_Manon;G;B;35;34;07/01/2015;NA
1682;PRENOM_Timéo;F;B;34;32;15/01/2015;NA
1683;PRENOM_Louis;F;A;21.2;85;19/08/2015;2924
1684;PRENOM_Eva;F;C;56;45;10/04/2014;NA
1685;PRENOM_Louise;G;B;38;49;19/07/2015;755
1686;PRENOM_Léa;F;A;26.8;94;01/07/2015;2931
1687;PRENOM_Ethan;G;A;39.6;83;09/03/2016;1938
1688;PRENOM_Maël;F;B;31;39;27/06/2014;2239
1689;PRENOM_Théo;F;A;37.2;14;13/03/2016;NA
1690;PRENOM_Clément;G;B;50;55;12/12/2014;1096
1691;PRENOM_Louna;G;B;39;92;19/12/2015;2031
1692;PRENOM_Théo;F;A;36.4;48;16/04/2015;2213
1693;PRENOM_Inès;F;B;54;37;17/08/2014;NA
1694;PRENOM_Zoé ;F;B;56;28;28/10/2015;NA
1695;PRENOM_Tom;F;C;41.6;60;25/06/2015;NA
1696;PRENOM_Théo;G;B;49;71;08/09/2015;766
1697;PRENOM_Raphaël;F;A;41.2;7;25/06/2015;NA
1698;PRENOM_Adam;F;B;55;13;11/01/2015;NA
1699;PRENOM_Léna;F;B;27;44;10/05/2015;1289
1700;PRENOM_Léa;F;B;35;3;11/08/2014;1199
1701;PRENOM_Louis;F;C;27.2;25;25/04/2014;NA
1702;PRENOM_Ethan;F;A;44.4;27;21/05/2015;1777
1703;PRENOM_Louna;G;B;28;2;24/04/2015;NA
1704;PRENOM_Clara;F;C;44;60;14/02/2016;2974
1705;PRENOM_Enzo;F;B;49;26;03/08/2015;693
1706;PRENOM_Maël;F;A;31.6;56;19/12/2015;NA
1707;PRENOM_Hugo;F;B;37;65;11/12/2015;1580
1708;PRENOM_Théo;G;A;48.4;60;19/11/2015;NA
1709;PRENOM_Enzo;G;A;26.8;62;25/02/2016;NA
1710;PRENOM_Inès;F;B;32;15;15/11/2014;NA
1711;PRENOM_Tom;G;B;52;89;15/09/2014;NA
1712;PRENOM_Zoé ;F;B;62;58;09/02/2015;NA
1713;PRENOM_Léa;F;B;61;79;11/12/2015;NA
1714;PRENOM_Ethan;F;B;23;36;06/04/2015;1327
1715;PRENOM_Lina;F;B;60;39;01/03/2015;NA
1716;PRENOM_Jules;F;A;45.2;7;06/07/2015;631
1717;PRENOM_Mathis;F;B;48;59;14/05/2015;NA
1718;PRENOM_Jules;F;B;58;53;09/10/2015;NA
1719;PRENOM_Ethan;F;B;57;32;28/01/2015;2834
1720;PRENOM_Jules;G;A;21.2;5;22/11/2015;958
1721;PRENOM_Hugo;F;A;46.8;76;13/12/2015;586
1722;PRENOM_Eva;G;B;43;63;17/01/2016;2646
1723;PRENOM_Léa;F;A;35.6;54;19/09/2015;2291
1724;PRENOM_Jade;G;B;52;6;24/12/2014;2758
1725;PRENOM_Jules;F;B;47;56;24/09/2015;1120
1726;PRENOM_Maëlys;F;A;21.2;44;05/03/2015;574
1727;PRENOM_Hugo;F;B;34;48;14/07/2015;NA
1728;PRENOM_Maëlys;F;B;37;65;02/10/2015;2731
1729;PRENOM_Gabriel;G;B;39;41;05/09/2015;890
1730;PRENOM_Inès;F;B;62;5;06/04/2015;NA
1731;PRENOM_Maël;F;B;50;93;10/06/2015;NA
1732;PRENOM_Jade;G;A;38;39;04/05/2016;NA
1733;PRENOM_Mathis;F;B;59;69;24/09/2015;2271
1734;PRENOM_Léna;F;B;30;41;03/10/2014;1792
1735;PRENOM_Manon;F;A;28.4;25;14/01/2016;645
1736;PRENOM_Enzo;F;B;25;47;02/08/2015;2087
1737;PRENOM_Inès;F;B;36;64;17/01/2015;NA
1738;PRENOM_Hugo;F;B;24;34;08/05/2015;1063
1739;PRENOM_Jade;F;B;45;92;24/08/2015;2964
1740;PRENOM_Raphaël;F;B;45;10;06/03/2015;2980
1741;PRENOM_Théo;F;B;53;48;27/05/2014;537
1742;PRENOM_Louna;G;A;23.6;17;07/04/2016;NA
1743;PRENOM_Théo;F;B;52;6;13/07/2014;1564
1744;PRENOM_Hugo;F;A;27.6;33;05/03/2016;1904
1745;PRENOM_Manon;F;B;47;70;28/09/2015;NA
1746;PRENOM_Lilou;F;B;61;38;02/08/2014;NA
1747;PRENOM_Noah;F;A;48.4;24;26/08/2015;956
1748;PRENOM_Eva;F;B;50;4;19/05/2015;1108
1749;PRENOM_Clara;F;A;42;56;18/09/2015;2402
1750;PRENOM_Louis;F;B;31;15;17/09/2014;NA
1751;PRENOM_Raphaël;F;A;42.8;94;26/09/2015;761
1752;PRENOM_Manon;F;B;22;92;10/01/2016;2642
1753;PRENOM_Louna;G;B;34;63;27/07/2015;2377
1754;PRENOM_Léna;F;B;49;75;28/04/2015;NA
1755;PRENOM_Hugo;F;B;25;22;26/12/2015;NA
1756;PRENOM_Alice;G;B;43;59;12/10/2014;NA
1757;PRENOM_Lilou;G;B;39;23;27/01/2015;NA
1758;PRENOM_Enzo;G;B;44;62;23/08/2014;2765
1759;PRENOM_Timéo;F;B;23;40;22/01/2016;1160
1760;PRENOM_Adam;F;B;55;43;07/01/2015;NA
1761;PRENOM_Léna;F;B;36;71;18/10/2015;1463
1762;PRENOM_Noah;F;B;58;63;28/05/2015;NA
1763;PRENOM_Zoé ;F;B;51;95;05/05/2015;NA
1764;PRENOM_Louis;F;A;42;37;06/05/2016;1943
1765;PRENOM_Maëlys;G;B;48;16;01/08/2015;NA
1766;PRENOM_Louis;F;A;26;78;03/03/2015;2049
1767;PRENOM_Louise;F;B;35;79;14/03/2016;NA
1768;PRENOM_Maëlys;G;A;31.6;57;28/02/2016;NA
1769;PRENOM_Clara;F;A;23.6;37;04/02/2016;NA
1770;PRENOM_Jade;F;B;59;77;08/05/2014;1272
1771;PRENOM_Jules;F;B;32;45;21/05/2015;NA
1772;PRENOM_Mathis;F;A;48.4;84;28/12/2015;2623
1773;PRENOM_Louis;F;A;30;47;29/12/2015;NA
1774;PRENOM_Maël;F;A;40.4;41;01/06/2015;NA
1775;PRENOM_Noah;F;B;54;4;10/01/2015;765
1776;PRENOM_Théo;F;B;37;11;01/03/2016;837
1777;PRENOM_Raphaël;F;A;42.8;56;23/12/2015;2720
1778;PRENOM_Inès;F;A;19.6;65;28/02/2015;2615
1779;PRENOM_Clément;G;A;50;22;22/06/2015;822
1780;PRENOM_Jade;F;B;60;67;27/03/2015;2014
1781;PRENOM_Zoé ;G;B;61;81;12/03/2016;NA
1782;PRENOM_Clément;F;A;49.2;81;24/03/2015;2530
1783;PRENOM_Adam;F;A;29.2;65;05/03/2016;2057
1784;PRENOM_Eva;G;B;56;91;24/11/2015;2872
1785;PRENOM_Maël;F;C;62;85;26/10/2013;NA
1786;PRENOM_Arthur;F;B;56;53;04/01/2015;NA
1787;PRENOM_Maël;F;A;40.4;50;29/05/2015;NA
1788;PRENOM_Ethan;G;A;43.6;4;31/03/2016;2553
1789;PRENOM_Noah;F;A;27.6;40;13/10/2015;1710
1790;PRENOM_Enzo;G;A;42.8;40;09/03/2016;1546
1791;PRENOM_Théo;G;A;41.2;44;14/10/2015;NA
1792;PRENOM_Sarah;F;A;46.8;94;04/05/2015;1451
1793;PRENOM_Léa;F;B;32;23;07/02/2016;547
1794;PRENOM_Lina;F;B;53;46;09/07/2015;606
1795;PRENOM_Adam;F;B;27;9;26/09/2014;1140
1796;PRENOM_Jules;F;B;53;52;04/06/2015;1355
1797;PRENOM_Noah;G;B;42;51;05/04/2015;NA
1798;PRENOM_Eva;F;B;31;47;07/11/2014;528
1799;PRENOM_Théo;F;B;43;69;13/03/2015;NA
1800;PRENOM_Tom;F;B;53;57;17/12/2015;NA
1801;PRENOM_Léna;F;A;27.6;5;06/01/2016;798
1802;PRENOM_Jade;F;A;23.6;93;08/02/2016;1026
1803;PRENOM_Zoé ;F;A;40.4;73;24/09/2015;958
1804;PRENOM_Clara;F;B;56;11;26/06/2015;NA
1805;PRENOM_Enzo;G;B;36;29;27/08/2015;NA
1806;PRENOM_Sarah;G;B;34;27;28/11/2014;NA
1807;PRENOM_Alice;F;B;32;53;09/01/2016;NA
1808;PRENOM_Jade;F;B;40;60;06/11/2015;1356
1809;PRENOM_Timéo;G;B;53;50;27/12/2014;1626
1810;PRENOM_Léa;F;A;30.8;21;18/06/2015;531
1811;PRENOM_Louna;F;B;56;18;08/12/2015;NA
1812;PRENOM_Léa;G;A;35.6;57;26/01/2016;NA
1813;PRENOM_Théo;G;A;26;55;19/10/2015;NA
1814;PRENOM_Louna;F;B;60;8;05/09/2015;NA
1815;PRENOM_Noah;F;A;45.2;58;11/08/2015;1981
1816;PRENOM_Louise;F;A;46.8;54;09/10/2015;2723
1817;PRENOM_Louis;F;B;22;58;22/12/2015;1914
1818;PRENOM_Sarah;F;B;36;5;20/06/2015;NA
1819;PRENOM_Léa;F;B;30;10;02/02/2016;1356
1820;PRENOM_Jade;F;A;39.6;44;04/08/2015;NA
1821;PRENOM_Théo;G;A;38;52;06/03/2016;NA
1822;PRENOM_Mathis;F;A;39.6;29;31/05/2015;NA
1823;PRENOM_Théo;G;B;28;90;15/11/2014;NA
1824;PRENOM_Adam;G;A;21.2;38;28/02/2015;1889
1825;PRENOM_Noah;G;B;45;58;18/10/2015;2948
1826;PRENOM_Louis;F;A;27.6;83;11/11/2015;2235
1827;PRENOM_Clara;G;B;51;32;03/11/2015;NA
1828;PRENOM_Maël;F;A;18.8;85;07/07/2015;1469
1829;PRENOM_Lilou;G;A;37.2;64;23/06/2015;2109
1830;PRENOM_Manon;G;A;28.4;17;28/08/2015;NA
1831;PRENOM_Louise;F;C;42.8;31;17/09/2015;NA
1832;PRENOM_Louna;F;A;23.6;51;30/03/2015;NA
1833;PRENOM_Inès;G;B;58;6;25/01/2016;1276
1834;PRENOM_Clément;F;B;54;2;20/06/2015;783
1835;PRENOM_Inès;G;A;46;24;16/03/2016;909
1836;PRENOM_Adam;F;A;20.4;94;14/07/2015;NA
1837;PRENOM_Louis;G;B;42;85;12/03/2016;630
1838;PRENOM_Mathis;F;A;47.6;7;12/08/2015;NA
1839;PRENOM_Lina;F;B;48;35;10/01/2015;NA
1840;PRENOM_Manon;F;B;51;75;03/05/2015;2979
1841;PRENOM_Raphaël;G;B;35;37;20/08/2015;NA
1842;PRENOM_Jade;F;B;41;84;14/06/2015;NA
1843;PRENOM_Tom;G;A;41.2;81;21/12/2015;1678
1844;PRENOM_Jade;F;A;26;87;11/03/2016;2437
1845;PRENOM_Zoé ;G;C;48.8;50;25/04/2015;NA
1846;PRENOM_Inès;F;A;42;41;20/09/2015;NA
1847;PRENOM_Clara;G;B;58;22;26/10/2014;2857
1848;PRENOM_Inès;G;B;57;23;04/06/2015;2519
1849;PRENOM_Clément;G;B;60;25;18/12/2015;2964
1850;PRENOM_Manon;G;A;43.6;1;24/08/2015;NA
1851;PRENOM_Camille;F;B;51;66;11/03/2016;1286
1852;PRENOM_Enzo;G;C;34.4;16;18/02/2015;1379
1853;PRENOM_Adam;G;B;59;80;21/08/2015;1575
1854;PRENOM_Tom;F;B;41;69;01/02/2015;2815
1855;PRENOM_Mathis;G;C;59.6;23;09/03/2014;NA
1856;PRENOM_Jules;F;B;56;67;31/05/2014;NA
1857;PRENOM_Zoé ;F;A;38.8;58;29/05/2015;NA
1858;PRENOM_Arthur;F;B;39;73;17/02/2016;2428
1859;PRENOM_Louis;F;A;26;96;27/08/2015;895
1860;PRENOM_Louise;F;B;31;64;01/08/2015;NA
1861;PRENOM_Enzo;F;C;48.8;54;24/05/2015;2290
1862;PRENOM_Lina;F;B;58;12;20/12/2015;NA
1863;PRENOM_Maëlys;F;B;27;20;05/11/2014;NA
1864;PRENOM_Louis;F;B;41;72;11/02/2016;NA
1865;PRENOM_Enzo;F;C;32;79;13/10/2015;NA
1866;PRENOM_Maël;G;A;22;92;17/03/2015;1220
1867;PRENOM_Jules;F;B;61;73;01/06/2014;NA
1868;PRENOM_Timéo;F;A;42;79;18/08/2015;NA
1869;PRENOM_Louna;F;A;18.8;84;22/03/2016;1642
1870;PRENOM_Enzo;F;B;29;46;07/10/2014;2841
1871;PRENOM_Adam;F;B;26;87;25/01/2015;NA
1872;PRENOM_Noah;F;C;29.6;49;15/11/2014;1891
1873;PRENOM_Tom;F;B;43;12;21/07/2015;NA
1874;PRENOM_Louise;F;C;68;12;22/07/2015;NA
1875;PRENOM_Tom;F;B;54;70;07/11/2014;1567
1876;PRENOM_Eva;G;A;45.2;48;23/12/2015;NA
1877;PRENOM_Arthur;F;A;35.6;17;18/02/2015;NA
1878;PRENOM_Sarah;G;A;48.4;64;04/11/2015;2970
1879;PRENOM_Camille;F;B;36;19;02/06/2014;2979
1880;PRENOM_Alice;G;A;32.4;85;17/06/2015;1699
1881;PRENOM_Jade;G;B;42;53;11/10/2015;NA
1882;PRENOM_Théo;F;C;28.4;54;15/07/2014;NA
1883;PRENOM_Adam;G;B;41;4;27/01/2016;NA
1884;PRENOM_Lina;F;A;29.2;85;29/09/2015;NA
1885;PRENOM_Raphaël;F;B;59;64;10/11/2015;2581
1886;PRENOM_Enzo;F;A;39.6;64;27/12/2015;NA
1887;PRENOM_Eva;G;B;52;41;07/07/2015;NA
1888;PRENOM_Adam;G;B;54;20;28/03/2015;1092
1889;PRENOM_Ethan;G;A;43.6;67;19/04/2015;2632
1890;PRENOM_Manon;F;A;42;86;27/01/2016;NA
1891;PRENOM_Jade;G;B;35;2;02/11/2015;NA
1892;PRENOM_Louise;F;B;54;45;09/05/2014;888
1893;PRENOM_Léna;F;B;38;77;17/11/2014;2703
1894;PRENOM_Raphaël;F;B;41;91;19/12/2015;1760
1895;PRENOM_Enzo;F;B;46;42;28/08/2015;1992
1896;PRENOM_Lilou;F;B;31;78;07/07/2014;NA
1897;PRENOM_Adam;F;B;60;93;29/09/2015;2253
1898;PRENOM_Inès;F;B;24;70;17/08/2015;1070
1899;PRENOM_Louis;F;A;18.8;58;12/01/2016;NA
1900;PRENOM_Camille;G;A;22.8;79;28/01/2016;569
1901;PRENOM_Noah;F;A;24.4;44;17/04/2015;NA
1902;PRENOM_Tom;G;B;34;64;20/03/2016;1783
1903;PRENOM_Arthur;F;B;31;36;29/07/2015;NA
1904;PRENOM_Arthur;F;A;50;11;06/10/2015;1626
1905;PRENOM_Tom;F;B;38;3;03/03/2015;NA
1906;PRENOM_Raphaël;F;B;42;34;21/10/2015;912
1907;PRENOM_Clara;F;B;47;70;07/06/2015;NA
1908;PRENOM_Alice;F;B;29;46;12/11/2014;NA
1909;PRENOM_Clara;F;B;41;86;31/12/2014;NA
1910;PRENOM_Jules;F;B;31;8;17/01/2016;NA
1911;PRENOM_Maël;F;B;59;64;25/08/2014;2403
1912;PRENOM_Tom;F;A;49.2;63;22/02/2015;2893
1913;PRENOM_Louis;F;A;48.4;6;28/07/2015;908
1914;PRENOM_Léa;G;B;39;66;17/08/2014;2788
1915;PRENOM_Sarah;G;C;59.6;30;29/04/2015;NA
1916;PRENOM_Mathis;G;A;40.4;94;20/04/2015;NA
1917;PRENOM_Léa;F;A;34;4;23/04/2015;NA
1918;PRENOM_Lina;G;B;57;28;31/10/2014;NA
1919;PRENOM_Louise;G;B;43;68;14/06/2014;NA
1920;PRENOM_Ethan;F;A;29.2;2;11/06/2015;NA
1921;PRENOM_Louna;G;B;30;61;07/03/2016;1040
1922;PRENOM_Jules;G;B;57;48;07/08/2015;NA
1923;PRENOM_Jade;G;B;45;73;02/05/2015;NA
1924;PRENOM_Hugo;F;C;34.4;85;27/04/2015;NA
1925;PRENOM_Lilou;G;A;21.2;68;06/08/2015;1363
1926;PRENOM_Hugo;F;B;28;61;17/11/2014;NA
1927;PRENOM_Mathis;G;A;44.4;88;04/03/2016;NA
1928;PRENOM_Zoé ;G;B;62;93;18/11/2015;1581
1929;PRENOM_Clara;G;C;36.8;16;16/11/2013;NA
1930;PRENOM_Sarah;F;B;52;70;08/03/2015;1888
1931;PRENOM_Hugo;F;B;27;19;06/11/2014;NA
1932;PRENOM_Jade;G;B;52;44;30/10/2014;NA
1933;PRENOM_Louise;G;B;49;12;22/06/2014;2313
1934;PRENOM_Théo;G;B;58;21;27/12/2014;NA
1935;PRENOM_Jade;F;B;33;17;02/11/2014;NA
1936;PRENOM_Maëlys;F;B;61;1;08/05/2014;NA
1937;PRENOM_Hugo;F;C;60.8;31;08/08/2015;NA
1938;PRENOM_Jules;F;B;59;24;16/02/2015;876
1939;PRENOM_Eva;F;B;35;58;24/01/2016;NA
1940;PRENOM_Maëlys;G;B;36;45;28/03/2015;NA
1941;PRENOM_Jade;F;A;49.2;89;05/02/2016;NA
1942;PRENOM_Maëlys;F;B;53;33;30/04/2015;2033
1943;PRENOM_Louna;F;B;27;21;20/05/2015;NA
1944;PRENOM_Maëlys;G;A;23.6;91;07/12/2015;1232
1945;PRENOM_Lilou;F;A;46;50;15/08/2015;NA
1946;PRENOM_Clément;F;B;47;86;01/05/2014;NA
1947;PRENOM_Noah;G;B;25;75;04/12/2014;NA
1948;PRENOM_Léa;F;A;20.4;6;11/08/2015;NA
1949;PRENOM_Jade;F;B;23;51;30/04/2015;2412
1950;PRENOM_Sarah;G;B;50;27;12/02/2015;2292
1951;PRENOM_Théo;G;B;26;53;24/06/2015;NA
1952;PRENOM_Louis;G;C;71.6;24;08/05/2014;NA
1953;PRENOM_Camille;F;A;38;88;22/07/2015;1046
1954;PRENOM_Zoé ;F;A;44.4;66;04/01/2016;813
1955;PRENOM_Sarah;F;B;29;29;15/11/2015;2137
1956;PRENOM_Clara;F;B;23;51;10/06/2014;NA
1957;PRENOM_Louna;G;B;58;81;22/04/2015;NA
1958;PRENOM_Léa;F;B;40;82;17/08/2015;996
1959;PRENOM_Raphaël;G;B;26;60;23/12/2014;1896
1960;PRENOM_Louna;F;B;25;5;27/09/2015;NA
1961;PRENOM_Mathis;F;B;30;74;11/02/2016;1932
1962;PRENOM_Timéo;F;B;59;60;25/01/2016;2631
1963;PRENOM_Hugo;F;A;39.6;33;15/10/2015;NA
1964;PRENOM_Léa;F;B;62;30;10/02/2015;602
1965;PRENOM_Tom;F;B;58;7;20/08/2014;NA
1966;PRENOM_Lina;G;A;37.2;67;01/04/2015;818
1967;PRENOM_Maëlys;F;B;22;78;18/06/2015;NA
1968;PRENOM_Clément;F;A;21.2;81;19/03/2016;2690
1969;PRENOM_Maëlys;G;B;31;2;10/04/2015;2693
1970;PRENOM_Léa;F;A;19.6;21;16/12/2015;1966
1971;PRENOM_Louna;G;A;41.2;5;30/03/2016;NA
1972;PRENOM_Louis;F;A;29.2;33;12/08/2015;NA
1973;PRENOM_Léa;F;B;56;14;07/08/2015;909
1974;PRENOM_Lilou;F;B;57;65;19/06/2014;NA
1975;PRENOM_Timéo;F;A;19.6;8;13/10/2015;1619
1976;PRENOM_Inès;F;B;26;28;30/03/2015;NA
1977;PRENOM_Mathis;F;B;36;25;03/07/2014;NA
1978;PRENOM_Hugo;F;A;28.4;5;30/08/2015;NA
1979;PRENOM_Zoé ;G;B;33;10;14/02/2015;NA
1980;PRENOM_Inès;G;A;30;7;05/05/2015;639
1981;PRENOM_Raphaël;G;C;70.4;62;11/03/2015;986
1982;PRENOM_Alice;F;C;42.8;61;09/12/2014;1605
1983;PRENOM_Léa;G;B;30;54;17/07/2015;2967
1984;PRENOM_Louna;F;A;27.6;40;11/06/2015;1315
1985;PRENOM_Tom;G;B;53;46;06/06/2014;NA
1986;PRENOM_Louis;G;B;31;3;25/04/2015;2306
1987;PRENOM_Zoé ;G;B;46;11;20/06/2014;2961
1988;PRENOM_Gabriel;G;C;66.8;91;17/08/2015;NA
1989;PRENOM_Enzo;F;B;57;34;03/03/2015;NA
1990;PRENOM_Sarah;F;B;24;93;16/07/2015;NA
1991;PRENOM_Léna;G;B;47;53;29/07/2014;1754
1992;PRENOM_Inès;F;A;48.4;41;23/01/2016;2767
1993;PRENOM_Zoé ;F;B;33;22;02/06/2014;1367
1994;PRENOM_Lilou;F;B;26;58;06/03/2015;NA
1995;PRENOM_Maël;G;C;64.4;36;06/01/2016;NA
1996;PRENOM_Maël;G;B;40;27;25/01/2016;NA
1997;PRENOM_Gabriel;F;A;42;86;17/11/2015;NA
1998;PRENOM_Inès;F;A;33.2;87;14/05/2015;NA
1999;PRENOM_Maël;F;B;33;56;14/01/2016;NA
2000;PRENOM_Arthur;F;B;NA;2;26/07/2014;2751
2001;PRENOM_Lilou;F;A;20.4;77;13/03/2015;NA
2002;PRENOM_Zoé ;F;B;54;9;19/05/2015;2105
2003;PRENOM_Enzo;G;A;31.6;78;23/06/2015;NA
2004;PRENOM_Zoé ;F;B;31;80;16/06/2015;NA
2005;PRENOM_Maëlys;G;A;46;95;22/02/2016;NA
2006;PRENOM_Sarah;G;B;52;49;06/02/2016;2967
2007;PRENOM_Adam;F;A;24.4;96;17/02/2016;NA
2008;PRENOM_Clément;F;C;50;89;09/09/2015;NA
2009;PRENOM_Mathis;G;A;47.6;48;29/02/2016;NA
2010;PRENOM_Lilou;G;A;30;14;11/10/2015;NA
2011;PRENOM_Louis;F;B;25;79;21/04/2015;988
2012;PRENOM_Clara;F;A;46;18;29/07/2015;2374
2013;PRENOM_Arthur;F;B;47;54;03/02/2016;2465
2014;PRENOM_Tom;G;B;44;26;05/03/2016;1579
2015;PRENOM_Maël;G;A;35.6;52;07/08/2015;1595
2016;PRENOM_Raphaël;F;B;49;84;18/11/2015;2768
2017;PRENOM_Inès;F;A;31.6;81;26/10/2015;1071
2018;PRENOM_Clara;F;A;42;91;19/12/2015;NA
2019;PRENOM_Léa;F;A;32.4;73;22/11/2015;NA
2020;PRENOM_Enzo;F;A;46;45;24/08/2015;2504
2021;PRENOM_Enzo;F;A;38.8;88;22/07/2015;2117
2022;PRENOM_Eva;F;B;54;89;15/08/2014;1459
2023;PRENOM_Louise;G;B;38;87;22/04/2015;NA
2024;PRENOM_Clément;F;A;24.4;59;03/02/2016;986
2025;PRENOM_Louna;F;A;25.2;85;08/07/2015;822
2026;PRENOM_Gabriel;G;B;34;56;18/01/2015;2792
2027;PRENOM_Tom;F;B;49;18;19/09/2014;600
2028;PRENOM_Mathis;F;A;25.2;55;04/02/2016;NA
2029;PRENOM_Clara;F;B;24;37;04/01/2015;2647
2030;PRENOM_Inès;F;A;34.8;95;24/04/2016;NA
2031;PRENOM_Jules;G;B;58;30;12/09/2015;1785
2032;PRENOM_Eva;G;B;40;51;27/06/2015;2222
2033;PRENOM_Lina;G;A;37.2;73;23/06/2015;NA
2034;PRENOM_Lilou;F;A;23.6;29;23/04/2015;NA
2035;PRENOM_Louna;F;B;61;24;13/11/2015;NA
2036;PRENOM_Louis;G;B;41;80;13/08/2014;2861
2037;PRENOM_Enzo;F;B;32;38;25/02/2016;2626
2038;PRENOM_Timéo;F;C;32;64;22/10/2014;NA
2039;PRENOM_Clément;F;A;18.8;78;16/03/2015;NA
2040;PRENOM_Camille;F;B;51;69;19/11/2014;1501
2041;PRENOM_Manon;F;B;54;24;14/03/2015;NA
2042;PRENOM_Enzo;F;B;28;2;19/03/2015;NA
2043;PRENOM_Enzo;F;B;47;60;10/03/2016;1764
2044;PRENOM_Camille;F;C;66.8;89;07/04/2015;2524
2045;PRENOM_Zoé ;F;B;37;17;14/05/2015;NA
2046;PRENOM_Adam;F;B;54;25;22/06/2014;533
2047;PRENOM_Tom;F;B;54;22;23/10/2014;2373
2048;PRENOM_Théo;F;B;41;86;26/02/2015;1242
2049;PRENOM_Mathis;G;B;61;37;17/02/2016;2236
2050;PRENOM_Mathis;F;B;46;12;21/10/2014;2848
2051;PRENOM_Noah;F;B;31;36;21/09/2014;NA
2052;PRENOM_Maël;F;B;35;47;18/05/2015;NA
2053;PRENOM_Gabriel;F;B;58;15;24/05/2015;NA
2054;PRENOM_Théo;F;B;52;11;19/07/2015;NA
2055;PRENOM_Mathis;F;B;46;69;04/10/2015;2303
2056;PRENOM_Clara;F;A;46.8;65;01/08/2015;921
2057;PRENOM_Lilou;G;A;25.2;4;09/04/2015;NA
2058;PRENOM_Sarah;F;B;33;25;09/06/2014;1207
2059;PRENOM_Léa;G;B;28;25;04/09/2015;NA
2060;PRENOM_Alice;F;A;20.4;61;23/12/2015;NA
2061;PRENOM_Alice;G;B;35;89;20/01/2015;986
2062;PRENOM_Tom;F;B;31;25;04/03/2016;1709
2063;PRENOM_Sarah;F;A;19.6;16;08/08/2015;1889
2064;PRENOM_Lilou;F;B;28;32;16/09/2014;NA
2065;PRENOM_Léna;G;A;26.8;62;05/12/2015;NA
2066;PRENOM_Maëlys;F;B;56;80;25/04/2014;864
2067;PRENOM_Jade;F;B;24;42;07/10/2014;2344
2068;PRENOM_Inès;F;A;22;90;15/02/2016;NA
2069;PRENOM_Zoé ;F;A;39.6;19;27/04/2015;NA
2070;PRENOM_Hugo;F;A;18.8;41;18/08/2015;NA
2071;PRENOM_Jade;G;A;25.2;81;01/09/2015;1788
2072;PRENOM_Alice;F;B;61;39;19/12/2015;NA
2073;PRENOM_Manon;F;A;26.8;42;16/04/2016;576
2074;PRENOM_Raphaël;F;B;32;74;20/08/2014;NA
2075;PRENOM_Eva;F;B;45;91;24/09/2014;2155
2076;PRENOM_Mathis;F;B;30;30;14/11/2014;NA
2077;PRENOM_Timéo;F;B;48;39;01/03/2015;NA
2078;PRENOM_Noah;F;A;27.6;22;20/05/2015;NA
2079;PRENOM_Timéo;G;B;32;28;11/03/2015;2444
2080;PRENOM_Clara;F;B;59;36;05/09/2014;2741
2081;PRENOM_Jean;NA;A;NA;20;30/06/2016;NA
2082;PRENOM_Jacques;NA;A;NA;20;30/06/2016;NA
